Samples,Factors,Ethanolamine,Glycine,Trimethylamine-N-Oxide (TMAO),betaAlanine,Alanine,Choline,Dimethylglycine,2-Aminoisobutyric Acid,Serine,Hypotaurine,Histamine,Creatinine,Proline,Betaine,Valine,Threonine,Niacinamide,Taurine,1-Methylhistamine,Pyroglutamic Acid,Pipecolate,Creatine,Hydroxyproline,Leucine /D-Norleucine,iso-Leucine /allo-isoLeucine,Ornithine,Asparagine,Aspartic Acid,S-Methylcysteine,1-Methylnicotinamide,Trigonelline,Acetylcholine,Glutamine,Lysine,Deoxycarnitine,Glutamic acid,Methionine,2C13-Glutamic acid,Guanine,Histidine,Tryptamine,Carnitine,Phenylalanine,Methionine Sulfoxide,7-Methylguanine,Taurocyamine,1/3-Methylhistidine,Arginine,Tyrosine,2C13-Tyrosine,Phosphorylcholine,N6-Acetyl-Lysine,Homoarginine,N6-Trimethyllysine,Homocitrulline,Dimethylarginine (A/SDMA),Acetylcarnitine,Tryptophan,Phosphocreatine,Carnosine,2'-Deoxycytidine,Anserine,Cytidine,Uridine,isoValerylcarnitine,Glycerophosphocholine,Succinylcarnitine,Thiamine,Adenosine,Inosine,Glutarylcarnitine,1-Methyladenosine,Guanosine,Retinol,Argininosuccinate,5'-Methylthioadenosine,"N2,N2-Dimethylguanosine",UMP,cAMP,GMP,Riboflavin,SAH,Cholecalciferol,S-Adenosylmethionine (SAM),CDP,NAD,FAD
2020-08-17_Zang-43_Box2Redo-QC(S)#1_POS,Age Group:sample quality control | Treatment:-,41622.72629,123627.0587,275084.3954,48484.70966,8886331.506,24968887.27,94215.30639,142203.3879,2211545.16,768290.8747,466490.4018,615017.2737,2226710.343,96069485.15,652725.3714,2660003.277,22483587.68,53984825,23520.38138,196168.026,315356.6314,175769850.9,3763340.57,4370416.005,436179.354,569674.453,545099.5041,4824033.384,236386.3572,248284.14,236346.7732,1771970.848,82352524.52,7984916.638,158706.5462,46792265.93,356544.9234,1218583.043,24671.15658,7664007.625,18074.99251,30229428.29,5327973.389,38592.80462,49127.88177,398222.7173,241891.9566,8884502.701,1482447.27,11379391.17,653932.8165,22434.15481,118523.9309,1467122.383,46696.49425,334284.6844,53586708.99,667298.8588,88121.31977,2769043.756,215395.9793,480377.3294,4096028.017,995196.0029,448296.3134,8981279.336,11080756.98,657772.6704,22093583.89,34880131.94,258352.5355,112173.155,702714.5021,42587.71494,125189.2694,189637.7877,16660.60627,1836307.206,28291.16291,11472273.26,153861.2892,494070.7932,19360.33716,949494.3764,60172.48855,222208.6212,5548984.892
2020-08-17_Zang-43_Box2Redo-QC(S)#2_POS,Age Group:sample quality control | Treatment:-,40710.15292,123320.765,281167.8269,48107.54793,7967771.118,22336814.98,88553.98016,142368.6714,2182385.213,738298.1551,363565.1987,590033.7737,1851662.037,83788493.66,556898.5738,2836728.14,20461753.77,44928035.31,21192.11938,180762.8741,277751.2674,179286834.4,3218013.368,3956195.518,437673.931,527960.2139,532988.5656,4766006.637,219187.1086,210892.2763,202705.3745,1601893.037,77168308.08,6755985.675,160377.7227,50475929.25,309374.4696,1111793.26,23788.11325,7981385.418,19215.71878,25991952.18,5155386.293,33692.01509,44850.78341,397236.702,233381.9,8256972.725,1323405.986,11066349.25,677848.9712,22685.11326,115365.9733,1358565.817,48243.91594,349577.5704,45531786.12,604184.7903,89347.58764,2629205.933,188531.6569,528333.5755,3825569.456,807502.5292,384790.6826,9157810.619,10135089.59,597856.5162,19372706.3,31620048.12,320286.3015,120466.4715,631600.5595,39984.85707,151592.2481,178018.6733,11819.31206,1870551.721,25298.16786,12319852.76,131001.5471,536969.8914,15709.90776,996990.8428,77261.56892,235080.9535,5803404.844
2020-08-17_Zang-43_Box2Redo-QC(S)#3_POS,Age Group:sample quality control | Treatment:-,48587.89733,104224.8776,291336.9961,54847.39014,7507364.83,23815435.18,76168.84584,143418.6729,2121458.409,547190.4108,363838.8462,627286.2121,1737505.086,95281107.36,509233.5093,2451650.383,21784050.71,51415754.89,30959.36346,180771.5745,256042.7635,132183716.8,3177182.324,4164894.116,425464.4798,544531.1247,575435.7448,5115046.95,168445.0482,227371.2797,272459.7449,1578418.178,57249369.67,7630402.085,134327.6905,39408451.04,346135.7219,994104.8569,23801.86371,8372231.893,21663.07807,26540481.25,5165542.183,40641.28157,45027.02406,382309.8499,286355.274,8547575.041,1160630.597,10688775.03,680322.9214,22244.01351,116407.391,1271200.728,52577.39988,302396.4937,52009964.35,611168.3554,91255.5885,2424971.799,198070.2639,517151.8295,3908970.22,902100.7228,382515.3166,7609392.703,10933386.11,566635.4105,20282711.92,34374045.83,291382.164,120067.006,629694.4408,42703.57371,124833.0237,193252.4083,16925.20545,1652765.263,24443.44136,11303959.7,146181.7943,497683.8226,15049.64301,951035.6295,57495.52756,224627.6946,4990622.078
2020-08-17_Zang-43_Box2Redo-QC(S)#4_POS,Age Group:sample quality control | Treatment:-,47462.59945,116606.215,273980.6457,51053.36961,7122583.551,21929813.64,82821.28281,139193.0427,1985814.103,751983.4058,369106.0154,667359.6037,1826394.446,91072223.62,574111.939,2656227.926,21212925.05,49265975.88,17981.78393,216114.4418,288393.5719,168347638.7,3332115.816,3873868.62,443224.7722,569243.9295,622199.9168,5049886.03,230223.9398,222424.946,218762.6106,1606103.664,81693734.62,7686561.62,165080.4375,43437041.02,352106.7546,1229227.601,23741.94584,8730324.194,21184.95711,25240205.24,5099157.396,33458.14135,48769.61356,338683.4155,257659.896,8242908.185,1230061.807,9824219.158,660723.49,22374.92775,103099.9911,1226101.476,47325.75198,320116.3978,41927831.89,642317.6613,85918.84577,2530635.986,188874.1001,489887.1014,3894993.588,842559.0253,398077.7751,8769092.522,11180194.23,534365.3739,20444381.1,33135014.8,240787.6433,117695.0615,644576.0507,40925.26977,141367.2417,193940.9123,12206.26855,1980427.027,23627.5182,12839055.23,154381.6911,442416.3596,17724.91142,1048679.493,55230.76848,260267.5246,4904426.447
2020-08-17_Zang-43_Box2Redo-QC(S)#5_POS,Age Group:sample quality control | Treatment:-,33503.08936,118766.2057,229757.1258,43667.11727,6927593.568,19343053.82,83021.04115,129177.0757,1806170.227,632190.7904,345257.0959,703551.2565,1891902.65,84164305.2,491942.9083,2180306.52,19519026.84,40970793.42,26375.55176,205311.1662,271609.2679,172773129.7,2936755.47,3609007.095,385393.4352,468816.9255,624685.1544,4263296.338,218169.0644,211424.9385,174713.0653,1490293.326,70456343.13,6415208.113,106342.6167,38693765.87,303642.2736,1034490.755,25712.38042,8028761.24,18846.36887,26441253.77,4605103.351,39497.75905,46125.72842,331612.5188,243884.8899,7223403.278,1278422.681,9515636.442,648818.6923,21136.44169,93781.5652,1184447.567,37611.1273,278912.2622,36954367.98,574826.6646,82505.34126,2512036.638,176583.6545,467364.7623,3476527.181,793737.1819,375722.7671,7335685.628,9039071.657,536194.8255,19451242.81,30730024.94,281027.0414,107294.461,610117.9412,39584.27194,132694.3609,188100.3651,11697.24966,1572810.052,23776.69064,12183057.37,148317.2965,422530.9567,16587.6339,954004.0448,57542.82434,260849.1371,4387587.954
2020-08-17_Zang-43_Box2Redo-1_POS,Age Group:Old | Treatment:LPS1,55220.87936,114999.6627,141972.5077,47121.71889,9552035.809,21615206.69,146119.9495,199147.2931,1809851.584,734444.8618,324277.478,808105.633,3092066.939,117712495.1,820003.5847,2081178.804,21101517.52,51089920.84,38641.55365,201118.8941,300827.9999,198151986.7,3124214.781,5725584.854,635384.2633,446337.2082,375877.4603,2602885.271,319686.0911,509158.8257,466134.1966,1771351.788,69983808.88,7915078.077,165704.2986,25321237.7,337966.7065,1276963.611,23003.30739,7055112.956,19559.02075,29065750.36,9019124.36,38321.46984,106924.7722,344782.0485,273148.0014,6936419.102,2068682.668,12359612.7,575665.6975,26261.78975,73199.16019,1206229.592,73869.42545,268590.1272,54374573.29,950837.2651,81108.28995,2242364.25,244158.9976,432184.9518,5747278.661,954103.856,490273.0265,4783027.687,10972820.92,765421.7606,4489157.685,32898704.07,313803.4977,214957.2558,481829.1798,42312.36471,140104.0338,105908.7755,31577.12867,1397946.061,23851.94094,9620621.033,182924.9357,549514.133,21305.20982,471574.4589,49858.4961,186578.3054,4877071.991
2020-08-17_Zang-43_Box2Redo-2_POS,Age Group:Young | Treatment:peptide,28195.98032,118293.2925,293796.2266,44953.27859,7251134.149,17717372.21,52599.79567,137058.7066,3436283.714,721296.2916,94278.02348,451634.8131,2181083.082,76376413.03,433254.1917,2352811.259,21385657.53,53569261.76,12248.83159,138060.1706,800598.6591,187001355.7,3445497.059,3338050.674,329299.9715,348808.2054,687642.7567,3387123.127,202347.5434,115834.3853,379790.1898,963578.4654,79449799,7307100.19,173745.9324,48628679.95,625109.8321,1159420.052,31939.04106,8073525.464,19509.76619,24890903.7,3451097.465,53122.80639,11785.16326,377559.5657,106090.3442,7887163.885,1321346.252,11764206.54,438278.5027,22487.31099,75624.13018,712829.1588,15649.90606,224312.7118,96555554.72,373043.7979,79097.54993,2812405.74,114102.2126,514549.2211,2435551.925,810761.3932,431095.9909,5182069.09,4705105.114,594202.1494,29313152.14,38224763.1,79682.53988,71485.69281,710447.7217,37543.99695,89132.88278,232302.3764,12643.77317,1262685.524,25033.101,10047633.44,88214.45874,390041.8808,11858.06864,1032943.331,83972.93515,140714.8968,4814975.293
2020-08-17_Zang-43_Box2Redo-3_POS,Age Group:Old | Treatment:peptide,26343.64779,92867.55803,6509.16809,11092.16258,6459229.643,16930482.75,50351.19136,263040.8354,2181235.347,322446.004,52269.95102,282204.1843,1562144.104,72259801.1,463951.1371,1969622.058,16761647.19,36276570.91,13054.98417,219379.3223,162326.1493,144740614.8,2488111.291,3479267.371,438456.6536,334233.3855,456976.5566,3448399.619,184506.406,98526.26192,132029.8534,536855.8545,57965776.58,6722424,92443.88574,32878940.27,262987.5551,1137569.801,19148.50141,4747746.222,10788.23943,20081563.7,3292815.424,29761.53653,9929.078607,323814.333,279981.1548,8468221.681,1235098.534,11575679.38,380542.0592,36000.29434,85528.0362,1100264.756,43187.97494,227991.4997,31074743.63,509871.9619,93511.73135,850070.7554,82425.99198,262362.9206,1229678.088,514016.9831,368196.2979,4763468.429,3496082.194,459873.347,7295634.183,28157813.95,75665.68066,56178.2462,674975.88,33495.60629,140557.5943,152985.9634,7722.515071,696536.6851,11227.70864,8159288.574,104274.1835,344855.6161,10432.18652,564032.8562,39220.36179,99338.09176,4071576.536
2020-08-17_Zang-43_Box2Redo-4_POS,Age Group:Young | Treatment:LPS3,80689.65351,101676.0386,112793.5647,85367.00882,8813300.54,24036051.72,118595.0534,95895.88716,1215569.457,1212496.04,343770.9861,739015.2433,1702849.668,85182789.09,610538.429,2609789.637,28198594.69,60366921.67,33408.33281,250485.8711,533403.3846,209656286.7,3277824.883,3671731.567,381084.7873,218944.2014,368433.2793,4128985.711,194951.9813,253910.2092,251926.6559,894126.5626,91354965.41,6255372.324,169744.1834,45732558.39,192683.6348,1123762.93,39472.26308,8718085.508,30579.47709,37659629.65,6417304.284,24962.14158,81161.61541,441268.0028,206995.6813,6029828.031,1180737.606,9540971.543,815659.6001,19357.48398,92536.39587,1753443.742,58925.80538,375623.3318,32465964.27,613784.0895,142006.2478,6076414.913,391284.3032,868428.4148,8292284.315,1466908.478,367843.8589,3780062.258,24624466.68,1504012.623,17082448.28,54361839.27,386038.8727,237812.7953,1206170.322,53059.16779,139411.7049,181608.1561,19467.40388,1083414.232,30052.3112,13954173.18,201997.6131,589597.7763,18378.97842,1018523.289,76441.66347,343468.4925,6143664.186
2020-08-17_Zang-43_Box2Redo-5_POS,Age Group:Young | Treatment:Ctrl,62069.7176,118029.884,1045086.529,41382.73702,6114149.086,33692799.31,29342.54575,148985.1838,2308004.451,827807.3867,828226.8024,349925.9491,1510411.19,100457131.9,389730.0496,2420965.644,20361753.89,41701130.01,18898.22903,180117.6333,397662.8329,150912014.9,3056301.232,3675971.267,532460.6355,336692.0483,670153.8215,7281200.2,184537.0463,221880.0007,337307.9913,2218327.901,43159225.6,7844118.953,141116.7635,51424573.66,380768.1366,1091750.38,23968.79364,7284277.121,15004.59928,26052098.13,4366893.386,38593.28994,13868.87259,326921.5999,79789.12288,9934845.797,1328778.682,10512035.62,820921.025,19358.87469,91043.48906,940257.2821,3929.30032,212321.2657,56223956.97,724202.1988,94094.89914,1884992.383,120859.4829,399636.0969,2267417.237,762631.0745,2154435.655,17294978.82,4710925.699,676234.6404,37377396.78,42172228.25,97502.09553,72105.4428,779193.7696,37258.69462,138168.1173,163026.2397,12264.82666,1231666.168,17993.9222,9853697.979,106475.0248,613107.5661,12227.52987,746907.444,60326.96159,150469.0316,4409455.32
2020-08-17_Zang-43_Box2Redo-6_POS,Age Group:Young | Treatment:LPS3,65322.32491,117508.6739,290280.0696,84215.34052,7633650.809,25432799.53,97405.40908,96018.75673,1337872.163,907539.6027,274014.9351,545126.3848,1276280.226,86789330.34,628177.2199,2280627.096,24677133.07,53309458.59,30051.3917,152313.5309,439036.7851,204985407,3226747.614,4762565.239,460147.7306,231941.0003,414211.9866,4859744.202,166984.4377,343474.2647,340563.9555,2873758.57,83683185.72,5476875.209,151155.365,52190889.07,206651.2968,1057185.264,22207.29654,8463349.54,18186.24961,34344948.36,5987352.068,21626.47096,49385.8036,362611.2087,173589.6733,6511387.571,1099072.898,9834171.615,659950.5528,16061.07391,76687.97757,1571734.816,36658.09897,364193.1494,20061745.69,567273.2438,143021.6507,6148736.148,299363.9023,777226.1604,6492417.626,1412278.822,151053.1717,3825099.916,20686469.16,900547.7701,5964413.304,38477589.97,269233.9745,123278.5589,684760.28,42958.21024,117090.6197,163134.8849,18471.48465,1758319.717,31907.54738,13457852.85,159582.1851,555954.5717,11774.88795,960012.0641,73975.54676,267783.825,6011794.505
2020-08-17_Zang-43_Box2Redo-7_POS,Age Group:Old | Treatment:LPS1,35585.39538,100069.3244,92550.47462,19184.90198,7141088.206,16198379,68534.45276,147313.1396,1735627.037,466190.0076,512691.2324,679574.3648,1470443.24,74102377.39,535759.6309,1631661.962,17947798.06,44704899.61,31758.24606,179060.4736,388021.1285,145692541.7,2703642.073,3188222.91,429824.234,232445.8832,402131.1312,3381212.385,169573.525,241023.7736,146728.6545,1132585.366,49031252.28,4615118.834,90123.9386,26483187.91,224332.1551,1160400.558,18287.32354,7153158.795,13632.69063,23504149,4825777.996,25984.74639,89804.28682,278700.04,269527.3227,6133775.34,1306632.289,10669748.8,550103.3961,29686.8546,60497.34954,1114548.794,68996.52221,218012.2851,25723538.94,546362.8198,115461.0925,2122460.169,171578.6456,308160.9137,4537589.928,840601.1613,224837.3682,4984845.194,6907854.757,412357.7809,3521031.638,22875572.41,181432.4082,131333.4318,445423.0752,36451.85929,102848.1285,162790.1574,12548.34619,2205954.612,28455.60416,9843050.593,120432.6539,467451.117,17856.25034,776898.6038,52799.03818,174957.8738,5061855.823
2020-08-17_Zang-43_Box2Redo-8_POS,Age Group:Old | Treatment:peptide,40741.16745,175342.0969,28894.56529,22005.50861,8169959.198,23820827.67,65474.60308,345925.2202,2978800.212,535527.8892,437541.4643,514960.9097,1979506.905,74483264.16,584504.3825,3536198.957,24603780.61,51656589.53,43126.63433,432100.5239,171796.5121,191282929.8,2827384.994,4263110.391,521247.0215,358799.365,787771.4378,4256138.009,217687.5054,209849.0636,161168.447,2165426.455,92201530.12,7565312.963,201579.8552,46958125.07,434917.1966,1198223.773,18223.48278,6750305.385,18091.30398,26933631.26,4892733.207,48653.4833,14552.55897,306435.5319,521174.4888,10514838.15,1399166.457,9965473.668,608419.8513,37025.45413,115947.1038,1937973.165,86276.7607,340831.6734,60424277,513672.6153,130605.0765,1388103.378,120993.8781,377041.5734,2556408.726,819150.8468,369006.5596,4667870.648,7543435.519,656746.8146,6856665.364,50332961.56,173569.2579,89045.10458,1098415.566,39580.30135,193408.1956,164228.5217,11707.34452,1154097.497,27892.74674,11020714.17,192001.8066,718623.1636,28360.78081,749394.87,60293.29135,221788.6986,6057624.225
2020-08-17_Zang-43_Box2Redo-9_POS,Age Group:Young | Treatment:Ctrl,33464.87841,105601.7115,665322.6205,46538.04989,6332221.205,22261628.63,32228.05378,104632.0252,2049837.475,581159.905,376545.2228,267728.1785,1527012.53,84025622.22,335892.4709,1665847.763,15872685.38,38378464.18,18348.50343,110469.9682,146970.724,115007418.7,2615606.052,2600209.702,306294.7702,260084.0162,596322.0437,5399912.306,191035.75,169543.8496,234590.5414,920853.5355,44520657.75,5359580.151,112557.567,45895052.47,376461.0996,1177035.454,25664.00792,5747269.083,11342.95069,24535737.38,3435698.965,45116.79798,10019.38296,339804.6215,74788.81873,6140604.215,1073930.537,12456160.07,432781.124,18702.15764,59061.44541,625395.5712,20320.54923,177822.2896,29406756.47,468020.9334,102958.0337,1517401.002,96578.94089,315865.7912,2010811.771,544593.0809,637052.7256,8795728.797,3735437.03,452221.5096,84009628.35,33074948.44,72822.51785,69727.16482,632039.179,30471.05182,95427.90214,149970.7821,8585.74606,824416.6267,18730.75134,7798951.298,81998.2724,473112.8285,12403.56219,725789.6727,47319.43529,88333.02305,3788256.817
2020-08-17_Zang-43_Box2Redo-10_POS,Age Group:Old | Treatment:LPS1-peptide,33057.75802,83078.0666,172474.4759,32801.79017,6906395.311,14854773.86,76685.9955,124965.0796,1273948.088,574251.4966,245215.4691,718682.7844,1374156.885,75094287.95,550797.6193,1629159.037,17370862.33,43137946.25,27545.88281,184212.5982,181439.029,166847364.6,2960394.449,3444479.928,377924.3688,350073.0197,320068.0692,2946192.145,167070.4244,229997.7472,99044.68382,2027295.72,62268751.69,4480333.673,144809.8075,24897409.49,154880.7059,1108827.167,18737.12301,6578415.698,15456.39312,25812586.95,4717114.766,35091.40488,79435.20088,408474.1247,319981.4127,5866464.444,1090562.689,9727991.039,529647.1027,20156.41529,53144.05169,1131105.541,59826.88694,224840.4609,40473286.58,532514.1788,60682.123,1779212.791,220766.1952,415263.7623,4821723.239,987869.5259,76540.91664,6933979.607,10138266.1,458306.2463,3010164.751,23174596.6,211339.3192,160449.0324,361576.1959,39149.69705,77659.39366,115557.4439,13980.73089,2214207.103,21450.9449,11432025.28,135947.2486,427493.6618,19785.2293,686476.2259,67347.61553,193368.7641,5346329.997
2020-08-17_Zang-43_Box2Redo-11_POS,Age Group:Young | Treatment:LPS3,49065.53779,127097.9042,584647.6974,71497.63254,7105907.881,22265269.64,120328.1862,54280.88605,1240265.472,782223.0605,380775.9014,585937.5002,1266813.548,74024125.99,663110.6711,2386538.206,21444630.82,54052436.5,19365.83253,139435.5866,382344.4442,163788315,3581810.286,3801965.013,393083.2496,261420.5336,395547.3861,5008385.85,136144.2793,293993.8465,206391.6064,1397178.662,78680237.68,5667438.622,134813.8238,50466428.96,170702.1167,942805.5339,23839.96322,8090549.369,19864.41875,30820639.58,4949217.619,28803.73368,64898.35147,336524.114,166938.2244,5433971.249,1167740.851,9981171.896,571819.1929,20941.4717,88922.06775,1672852.048,33039.12689,329842.117,46275420.47,488964.2098,199294.9298,4451224.322,351377.3943,620843.5232,6446346.694,1257617.754,307812.764,3617779.481,14878341.21,782738.8573,5395552.619,33563419.66,356319.8735,143103.2081,577885.5135,41780.29314,93164.94301,170082.2702,19957.27419,2133147.9,36077.83295,13723673.54,153293.9994,438634.9887,14210.81255,862146.9699,56397.07176,279196.4629,6189484.721
2020-08-17_Zang-43_Box2Redo-12_POS,Age Group:Young | Treatment:LPS3_peptide,45116.14357,111856.7305,158705.5053,48249.12912,6166996,25981094.93,64353.55896,129322.4847,2132096.839,695832.7054,246088.3856,446288.6578,1707402.418,96776727.02,544309.674,2889327.74,21378713.15,53960876.68,20568.25938,176082.0729,298259.2582,179423285.2,2587464.258,3413900.844,481563.1384,270320.0919,778819.9877,5216050.582,211811.918,109610.4178,89272.77532,2369299.387,89422339.44,9404010.162,197208.7037,53254905.06,312420.2107,1002315.481,29271.19603,6566512.086,21208.14015,28157648.61,4731425.084,28066.87918,12401.10287,342887.0125,190017.9212,11352905.42,1219502.832,10097655.87,690426.6073,15851.97825,99823.06021,1635619.277,49341.80711,360054.1782,28426141.05,618280.3717,80340.68257,3813124.771,207817.6787,734671.3982,4581967.844,767835.1875,513177.5102,7920901.142,6694985.356,748473.9884,5162519.88,37754544.66,182067.0301,83638.26876,573983.9963,42402.36564,194727.0387,198087.6062,11389.77231,852361.9342,20053.85915,10374266.97,169939.1852,457267.4667,13219.09546,1036282.586,67718.11533,193034.8047,4806803.831
2020-08-17_Zang-43_Box2Redo-13_POS,Age Group:Young | Treatment:LPS3_peptide,75408.24622,127513.7494,100873.5371,46876.41,8322908.568,28422774.34,102666.1152,127973.2208,3045172.669,1400458.33,293250.8148,601471.414,2404566.766,75265698.63,592813.4197,3723562.088,24479458.02,54778062.63,29369.74322,227940.3481,425127.0713,182543851.2,3080263.312,3598024.865,435301.1244,365023.7922,1032450.816,4747828.162,221474.0184,110585.7993,118967.487,1066227.068,133022776.4,12645955.79,291816.9685,63376144.5,424370.396,1129499.707,26198.89169,8317837.4,27150.48418,33091098.81,5580172.806,28495.09963,20870.67572,343987.0098,226736.7754,14485922.28,1633982.277,10783520.4,1048014.088,34465.61007,162084.3157,2317340.853,48346.45925,796168.3163,15499367.1,872230.6064,83622.32348,4047277.51,290143.0398,964441.9676,7413289.333,1260530.34,247736.0293,10026740.96,10058351.33,883688.2905,4777208.122,25182748.65,482893.1124,73815.66311,310073.213,38288.36538,347506.6707,349653.4663,18484.08692,2266508.025,24913.12164,12741135.37,170336.9486,527422.8613,12681.59954,1657380.273,56031.07845,307962.9789,6214483.863
2020-08-17_Zang-43_Box2Redo-14_POS,Age Group:Young | Treatment:LPS3,78863.34955,96903.23136,122512.8354,101707.0304,8191426.651,22746751.32,104562.9108,79729.23002,1223476.245,889200.2673,161613.8479,664053.1759,1492182.301,104568280.4,684599.0722,1763450.867,23424059.18,50577086.98,17585.40673,202090.5005,351591.5229,202297321.7,2768662.986,4234960.545,420092.8349,197570.6245,360357.6851,4956786.84,149727.5972,255746.7919,188918.5819,1252030.318,79440934.05,4776283.902,154160.9012,39852378.81,150081.455,1024553.987,22008.9029,8146752.891,18237.0412,32992714.53,4864913.86,27190.82338,65336.16463,428702.4977,164713.9116,5853358.015,959067.0293,10947325.59,733466.6241,18750.19859,80605.81971,1621812.923,32718.93678,263170.3646,9534817.348,534286.5746,167367.0919,4468223.241,306690.3301,645098.7161,6569457.355,1142254.69,179916.1252,2183330.009,23948438.55,739922.4678,7445638.262,30157186.77,380946.5692,221095.3446,312268.7833,41169.58609,103567.2023,203696.3423,17304.74503,2632947.574,29760.04648,16078494.91,138336.7801,442379.4165,17442.30807,926234.9267,78155.21276,277324.2565,5264284.165
2020-08-17_Zang-43_Box2Redo-15_POS,Age Group:Young | Treatment:LPS3_peptide,38794.272,82407.62088,30917.38417,40422.89843,6622918.812,17364535.82,42495.01695,36461.43188,1796311.126,454044.2319,129453.9134,380904.386,1234153.662,61856428.32,379336.4172,2270691.982,17629945.26,37794377.72,12668.53111,114879.3633,231372.1172,158571747.1,2512072.237,2352228.533,377934.7686,242288.8867,682911.8925,5197255.675,165056.1557,49208.40942,69974.09895,1248233.178,85973174.38,7777525.027,188915.8497,38874468.15,203427.3799,1336204.713,21232.41654,4764613.439,16574.62317,28179027.63,3372332.95,24894.28751,9468.581637,347254.462,108548.7805,10534366.75,1089771.528,9862534.654,474599.1931,21812.90599,87552.36154,1418466.702,32205.90611,237767.3213,20202381.85,508387.9782,47159.14073,2211444.631,138261.6851,364665.2865,2874967.83,513094.4479,736935.2951,11407972.68,5194892.271,288943.7203,21908735.95,20081194.37,119096.8626,51572.61303,276085.8994,41640.60028,137222.353,213662.0972,8585.331585,1219404.016,15006.15672,9984244.545,102978.4336,233088.5138,15189.28327,870610.8338,48385.6009,129449.6407,4066035.871
2020-08-17_Zang-43_Box2Redo-16_POS,Age Group:Old | Treatment:LPS1_peptide,55633.51072,127633.2469,274185.9889,42163.28686,7664769.196,17803270.62,220453.6542,162782.9261,2713624.399,1211260.519,287593.9247,1457337.515,3442844.104,91094944.61,432877.2715,2932411.27,26653335.76,50979864.91,26497.18817,296844.7633,593641.7221,200551626,3244820.575,3290660.603,335298.1373,288646.4098,602447.7242,3467364.895,209983.3852,160072.4173,330324.1104,1650214.154,115007724.1,6823630.7,179813.1494,38630462.74,333312.4716,1225625.862,24818.39885,11673700.1,29084.36754,39269880.48,6199302.207,9899.399421,157796.4811,290192.2798,540214.8597,7127115.801,1600776.259,10182644.84,1033995.249,33446.47474,154458.9933,1865978.007,65408.61055,599675.4644,50745445.02,715936.2149,114287.4148,3258585.857,282208.7082,553545.5771,7231248.328,1395984.218,178338.8956,9865974.961,20320924.51,549345.8111,6511243.176,24168527.21,665339.0312,212597.8956,449204.9651,38157.79053,158305.0135,269970.6601,18570.59521,4092560.067,29204.99917,17122312.16,204032.3349,514344.9732,18758.78547,1512978.438,67896.72553,451020.0377,7248893.668
2020-08-17_Zang-43_Box2Redo-17_POS,Age Group:Young | Treatment:Ctrl,42171.55302,182726.941,376148.0723,66504.79906,10439656.86,24618971.76,57249.88741,82437.79214,3710844.897,1007249.683,287638.6293,676101.462,1984047.162,77157177.01,340939.9588,2960004.653,31268458.13,56535579.04,14854.41796,134130.0141,500060.1257,197960273.4,4264890.179,3749162.957,349368.0327,401556.6289,829512.8818,6356484.15,235879.7065,175056.2108,390466.3075,2569884.451,97112965.12,8579983.788,226609.8041,72620501.72,692493.2099,973105.9381,29909.64124,11836365.38,31711.92847,28338904.14,3941370.375,82264.40476,13478.58021,359827.4035,164220.5072,9226509.162,1413268.182,11710615.51,707219.5834,27334.95687,149251.6059,1658841.335,28362.25848,371464.6676,143892060,415629.3843,99147.72248,4147350.4,143260.4738,685190.77,3029339.373,1002607.266,778404.3388,15816662.39,7889102.563,526385.1587,87587840.02,35955058.79,175172.1107,56335.5341,855722.3855,43121.57381,95911.87584,310270.6075,9713.28599,2402650.656,36003.65974,18036402.58,121456.1679,457065.2146,15289.70786,1628396.497,87402.27869,375697.8019,5351068.205
2020-08-17_Zang-43_Box2Redo-18_POS,Age Group:Young | Treatment:peptide,56234.02228,142723.1132,889974.9262,43532.43382,7828856.282,28065373.54,53874.48919,54873.00722,3376858.789,931150.5291,707614.414,599946.9038,2368547.42,75800729.08,334986.8603,3121739.554,25568847.03,56388742.71,22755.22166,257024.0384,517498.0969,154397624.3,3307791.562,3599862.182,322810.5222,393179.7141,867507.2814,6670973.646,224617.5497,218218.9352,411296.0173,1934023.53,80224835.11,10659011.42,196037.9703,65404027.39,729526.2736,829429.4896,33851.55352,11059636.41,26613.1106,31433407.72,4698982.02,56831.54598,15870.18064,351836.5177,117681.3231,10527838.29,1887633.149,11406775.93,709531.7037,30899.65231,117787.7304,1274159.143,33091.66205,296368.3667,82865309.54,505066.0118,146805.1757,3829226.323,145306.8793,598662.2988,2853006.74,947840.9991,495460.3801,15174090.51,6905108.531,461777.0832,11304727.85,36654809.65,218440.961,65182.35214,766294.8085,35045.09001,144900.7824,262185.8506,12123.54281,2666438.017,30912.27974,15430204.98,121114.3795,541222.989,12962.9401,1306392.951,79342.95075,340742.375,6184540.636
2020-08-17_Zang-43_Box2Redo-19_POS,Age Group:Young | Treatment:Ctrl,43780.16683,146138.6603,931774.5825,67126.90784,9022134.521,26187027.65,40405.42743,155979.5786,2992325.688,509271.6665,603207.8103,421075.3407,2448715.628,64732885.78,454790.8355,2028680.236,18967014.21,44421476.35,14510.626,150228.5728,141346.8919,128306225.2,3746948.966,4258829.326,437452.8521,310420.3773,780073.2631,7743612.477,235605.0606,178753.5374,309671.0154,2313605.745,63190799.49,7496944.059,106980.3933,55737763.82,529962.0993,1197422.666,36458.59411,7845476.995,22256.02486,28368039.33,4729985.403,46649.44493,14586.10564,367042.9871,80254.01987,8859464.82,1579452.217,10650213.83,616857.7485,22045.23153,82311.77094,753362.5237,21873.67799,194639.6208,48188370.62,593244.6131,65724.57234,2291894.419,119818.4349,394683.2949,2427457.184,802071.7187,1042028.494,9723182.716,4179513.341,534990.5575,107474751.8,40204649.99,65848.24413,49559.95879,1060470.205,43937.18751,129903.3668,197499.8718,10455.55372,1711341.496,19879.13988,12103147.68,95399.67686,477835.781,11055.31669,1027437.66,80373.23323,113709.6746,4392767.229
2020-08-17_Zang-43_Box2Redo-20_POS,Age Group:Young | Treatment:LPS3_peptide,27080.37651,89982.08211,366656.0136,38879.25237,5580064.027,17845924.93,38881.93051,66016.4559,1136330.276,443155.7289,707696.9317,379779.4478,1055335.979,75952801.98,455870.9898,1194835.787,14872510.24,42947879.16,15069.20882,80946.20301,292926.2045,137082000.6,2427911.668,3031787.953,396475.4249,198612.1805,322349.9466,4523739.546,132588.9099,296695.897,119178.8079,1569224.236,42706669.2,3521777.765,64061.35108,31450139.26,135642.8418,1132308.864,26939.75678,5046063.98,13111.61661,21828276.86,3482433.458,18691.69499,33724.13209,308359.4953,76281.69874,4695491.905,910327.2994,9595624.764,348513.0974,11713.06739,39635.21955,890778.7435,27265.39281,165167.973,6231919.852,385381.2823,72822.09258,2199386.12,190878.744,436491.5535,3392459.579,776569.8458,147458.8828,7581768.132,10025561.31,448837.9879,8533212.215,19576575.9,111779.6768,92022.42424,320541.6283,30959.44511,80194.83923,112515.1822,9487.633576,1945354.533,18768.35773,7783361.52,96587.84554,314635.47,8664.896439,500424.321,31685.7207,140106.2565,3701395.854
2020-08-17_Zang-43_Box2Redo-21_POS,Age Group:Old | Treatment:Ctrl,31205.07499,128782.6703,454369.9787,36551.4415,12217273.62,29944177.49,124454.4867,197318.8023,4005564.177,490225.3925,993267.1254,816632.7578,2837474.733,86233449.38,1044001.185,6947199.381,25884977.47,52340402.86,32343.98629,367330.9284,201895.5551,212241228.7,3593830.826,7069218.174,869341.6954,549675.0576,722058.3609,5774562.205,206212.9113,415608.3959,223536.9688,1717534.398,117208263.8,18096536.47,136603.1695,60960915.63,431472.2946,1056682.769,27825.59502,9634574.174,31321.77399,25370646,5075346.457,39561.06552,38865.54594,630369.7853,231225.3208,14831575.52,1596239.114,9692191.178,668121.4106,57366.92474,607938.2002,2079242.31,98141.8985,420557.7506,84176338.28,1862018.237,143540.2301,778770.7162,156202.5366,230333.378,1724708.496,602776.601,216145.9869,12617065.54,7783558.834,357388.269,16280135.37,36352072.27,233223.6096,85214.1574,799631.035,54892.67754,397807.7513,263983.9221,13138.33667,1850849.683,32414.94015,16284587.41,172173.764,637440.5182,20948.82955,1412606.685,108135.8879,433675.3482,6244319.997
2020-08-17_Zang-43_Box2Redo-22_POS,Age Group:Young | Treatment:peptide,34476.68699,134108.3244,614349.9012,46275.25748,10285807.81,24294641.5,45978.12717,69234.18982,3201193.115,650726.2181,233513.5799,675128.5846,2303228.571,66677266.06,451374.8781,2844224.74,27009099.88,54413147.72,19381.81629,220212.0857,543303.1698,191398803.3,3463242.851,3555499.09,382598.3182,342564.3208,891963.7682,8966790.042,230151.8916,160726.2916,407836.6086,1663851.85,64725155.85,6747854.402,163276.6108,61543074.3,640124.2418,924771.5222,35550.10049,9651778.131,27626.64927,25120264.24,4122183.777,74249.90797,17713.51384,394400.3279,87313.79737,7853475.51,1919359.798,10004315.95,602896.3216,27517.97971,95195.96202,1194133.123,32597.52224,254666.4844,123650557.6,594293.872,102974.2742,2417266.639,140925.688,537190.9549,2584712.047,809772.4253,1244286.645,11713753.26,6181172.532,478114.1224,68143854.87,36518658.65,119784.5956,51573.17495,660250.1927,38001.66619,143345.7224,319651.6695,12038.4908,1492098.206,31997.25792,17103666.42,99549.72666,410917.4858,19496.32414,1544463.189,111598.679,354902.1417,6427673.842
2020-08-17_Zang-43_Box2Redo-23_POS,Age Group:Old | Treatment:Ctrl,43392.41723,183963.7459,96977.2053,44307.39917,11692186.42,24385919.83,66325.87592,335350.2777,3465655.156,637625.6907,523431.6132,1004642.769,2279087.243,86652223.47,746736.5456,3204842.328,28818691.36,61132906.84,37833.46163,310871.0874,163153.361,243076283.3,4505680.987,5513881.361,654999.133,381023.5266,964122.3275,6313965.599,249830.3301,222464.3888,223918.6087,3857997.145,118323424.6,10756159.98,169030.3244,59197520.61,441996.1467,980650.1279,27676.66749,10798675.66,27492.43859,37759366.59,5787842.732,50177.69277,19436.3353,307323.8769,332433.5877,12526759.53,1501174.005,9632783.042,630687.942,31380.7344,164628.1647,1426159.52,37512.67918,332962.7231,99457567.31,710776.8029,83632.94291,1706080.666,145812.7324,471736.0671,2119851.259,792620.8657,140194.7595,12162449.33,10978254.5,545839.7669,47513087.73,51425316.73,270454.102,62861.88578,1171898.548,52852.81797,222345.5269,233180.0512,12659.17019,1865671.191,35623.44475,15992798.98,167435.2135,581405.31,25889.36348,1287640.927,93967.65127,353240.0963,7747966.755
2020-08-17_Zang-43_Box2Redo-24_POS,Age Group:Young | Treatment:LPS3_peptide,45426.08957,106639.3265,252500.2249,34979.64934,7339912.141,26416959.12,34220.70441,85392.36755,1793051.646,562555.1909,797465.7448,401047.0618,1362631.223,53896091.2,388623.8692,2222017.208,18538913.02,49475939.87,16417.13249,110738.6272,379712.7469,142134989.2,2769791.211,2826248.385,369190.5052,277998.4797,683651.5874,7011688.79,187972.8164,99243.1753,79558.45406,3403203.362,59792449.9,5825698.487,168199.0782,40069483.18,247146.0511,1363293.392,31873.09135,5608056.676,24003.31406,23879078.89,4309946.601,30478.67911,12517.86053,323817.4192,127966.3933,8792520.932,1119834.668,11043657.5,598639.2871,41489.3031,104540.5589,1121737.358,26212.65488,310008.5846,11388411.47,586509.6855,72090.74676,2032226.242,233416.9087,432048.6702,3574818.438,587206.4785,397957.9674,20126615.38,5861613.726,372448.4259,7652616.017,25876692.14,131663.0764,56449.975,375863.1938,32338.80475,170570.7666,236614.5879,8559.241908,1882858.742,22910.38664,12735002.85,109632.868,424186.3524,11460.81482,1209878.999,43649.26123,198995.1995,4358051.029
2020-08-17_Zang-43_Box2Redo-25_POS,Age Group:Young | Treatment:LPS3,44901.04831,73334.77663,126300.5721,73845.6924,6731789.665,17354701.01,102898.1329,51728.23668,815925.7279,811655.6143,177309.0265,701349.1879,1004313.177,81888262.23,410281.5293,1794449.258,18073186.09,43820448.22,16639.2428,152578.4328,324183.9214,194854857,2659579.264,2360536.847,292486.5448,238626.1995,314073.4817,4078540.572,141405.0471,209784.8607,171791.5912,842639.6802,67627603.11,4280582.873,125247.3834,40395882.76,157715.815,1231498.276,18633.56301,5591869.003,15465.84657,27323178.46,3847496.937,16937.49943,79460.87133,430972.8116,119724.7846,5093007.218,854714.9626,10274854.6,552765.4045,14264.83632,65389.55658,978857.8177,24792.91121,243429.5835,15512833.79,373163.2572,112056.2591,3324966.008,309718.5225,544793.0001,6021884.075,995620.3207,174920.8145,2585453.5,17188791.64,617659.0868,4430336.8,27327602.06,232847.3493,186329.302,389216.4277,36263.58141,77249.32875,150669.0192,14691.98834,1744908.505,21348.62848,11994375.88,129096.6729,389206.068,13345.49951,783269.5961,63555.69627,253508.0203,4657711.7
2020-08-17_Zang-43_Box2Redo-26_POS,Age Group:Old | Treatment:LPS1,50630.40139,131555.1678,614901.6216,56526.39252,8249688.22,23359344.26,213505.1274,234076.5669,1601688.382,649061.647,524524.7587,1308336.545,1739929.778,73426588.2,592904.1874,1906889.7,23443915.27,56807223.68,34173.85878,297422.6289,317370.6708,180621725.9,2945452.03,5452615.24,595550.3911,351025.2733,338668.938,2934696.373,208777.4736,450069.045,257329.9428,2394062.196,64473457.94,4827973.4,191577.9232,38845434.3,261159.6636,1145431.888,22220.06506,9003740.469,21257.43239,31834381.02,6863389.847,39278.1306,145862.0809,321545.9111,348886.0761,7093313.494,1574470.527,10478641.27,725412.841,27699.80761,87773.96033,2123129.705,59710.76812,268095.9986,31049072.56,769332.4116,93640.46659,3131641.984,301265.9676,701751.942,6158281.566,1234431.636,413085.7635,8923922.668,13993888.11,657962.6855,9063573.618,32493431.88,409748.4991,249346.789,607397.4057,44175.20917,156266.2322,141997.2092,21976.54455,2866167.953,31055.30584,16472534.19,215792.5586,635119.3593,41470.14081,807656.0283,61037.58335,304070.0516,5543803.457
2020-08-17_Zang-43_Box2Redo-27_POS,Age Group:Old | Treatment:LPS1-peptide,94445.93405,290389.1487,482928.8881,222039.5174,11354665.88,38195830.86,269542.3008,237133.4616,3999017.073,2800553.208,980771.6459,1346055.101,4438438.655,125695879.8,1681077.71,4417439.989,28543903.27,56728700.81,45102.13912,287155.3352,1162846.661,164938652.5,3260199.145,12977093.39,1162023.752,4414916.298,1057545.691,4365621.668,456238.2265,764146.3453,664109.3225,1529308.324,90879814.25,14492258.75,221653.6457,52135170.4,818119.9139,1084159.984,44540.84157,17716870.73,98065.55799,37185238.63,14813264.5,46638.0149,177296.2954,438268.8556,674272.1316,2058465.728,3517788.944,10644268.75,2920898.72,80171.72218,119076.3046,1646545.785,210187.0651,1076296.287,49927547.76,1417452.338,105199.7903,3476825.684,303606.1962,825147.2902,5397351.338,1296517.356,768239.8744,13194702.32,11422921.07,1210093.98,10652620.1,47191225.38,1467420.611,218412.7882,858215.9118,53666.07002,228748.9087,223203.555,21136.04821,4884753.081,35935.55505,20856545.54,385932.9842,1586909.383,20410.44161,1216998.648,97766.11095,484864.2984,8497055.175
2020-08-17_Zang-43_Box2Redo-28_POS,Age Group:Old | Treatment:Ctrl,32179.5819,116579.4692,165758.22,16083.24568,8757165.396,24314214.27,56804.72896,144766.9693,2354747.847,496019.7181,226271.3284,600684.1875,1541041.176,75402867.17,511441.7779,2286336.078,21523339.37,48757765.76,34205.83838,198010.1004,103065.7581,209942615.7,3073209.576,3819953.014,398958.1585,441452.3482,714010.3273,7369450.819,197978.0832,178193.6193,172667.9481,961125.5076,60323980.13,5759427.052,135453.249,53652921.67,326989.0202,1335880.464,28577.675,7520358.266,21300.93386,25011625.26,4203183.648,32894.51017,14177.90325,380191.7966,326619.1804,7837541.663,1141045.047,9421113.037,704876.2549,30437.88802,91068.9803,1026371.281,38954.94546,263372.209,67543644.65,664691.283,81250.84354,1334266.829,106608.7987,387209.6467,1832727.819,755802.0127,115584.6659,9729378.676,7508123.443,484924.8932,13727595.87,35410471.9,128988.3374,73893.14816,1057685.203,47102.51264,130176.6031,217898.1229,9581.274868,1230616.693,25177.3161,15758145.77,135991.7692,571479.4659,19697.68343,1364809.995,73942.99576,203491.2419,6277133.981
2020-08-17_Zang-43_Box2Redo-29_POS,Age Group:Old | Treatment:peptide,33078.86117,187594.0344,211880.6194,52886.86058,13814342.63,23927880,98401.39205,257536.1099,5682929.906,770935.811,198704.3935,1668817.149,4544224.517,88711414.51,663531.7893,3949351.565,29834755.07,64900617.94,30674.4819,298687.4386,201338.4127,204037836.6,3240445.208,6243369.73,646211.0142,588077.7874,1056619.07,7394612.727,234116.3445,214134.5197,705052.0436,1050478.142,95251882.13,7614687.61,269412.2474,56281238.78,639698.0271,1064788.243,36011.95165,11430631.66,41019.48086,32511593.39,6874863.589,65793.97897,24769.75063,391520.9868,477220.5974,12361721.82,1313475.309,10245211.84,880302.1048,51853.95863,166490.262,1939661.396,58383.27655,373979.3758,55303329.05,587551.3005,92044.2547,1701575.244,150230.6809,383715.0916,2035254.445,801695.6662,345123.4018,11475441.95,9059878.222,804383.5883,35691457.28,61777635,172381.4581,68592.09912,1460160.214,67123.1353,337550.2166,270016.7616,13086.16067,1168418.134,30594.83744,13645364.08,214193.1953,639558.7678,27556.15573,1622618.763,97944.2889,167840.4146,7531364.787
2020-08-17_Zang-43_Box2Redo-30_POS,Age Group:Young | Treatment:Ctrl,31634.8201,99270.44331,132605.7961,47683.67852,8054044.559,21598407.54,69267.5604,101468.3242,2151515.831,686896.4118,127667.1566,668607.9593,1841612.194,71090382.65,420211.5863,1935823.889,21090760.51,45975143.52,17851.88025,200466.6612,483149.9138,192563527.3,3452435.27,2976068.926,315700,279386.298,645319.015,6406311.076,202205.8767,161986.7108,328196.6104,2646438.533,57247041.08,6619244.253,120257.272,49425777.68,457400.5069,1155547.198,28116.83765,8419116.3,18967.61553,28055791.64,3387938.602,72210.26675,17897.18866,372213.2011,112717.439,8349263.715,1341129.156,10358873.03,594355.7369,22131.96416,74125.68428,845725.3818,20056.41667,229855.0862,67626437.65,461907.6816,67357.3776,2804784.69,117101.0228,400917.244,2920043.119,860295.3808,1672217.392,12362247.68,6978977.009,526897.1777,173400430.1,36732111.21,87123.20868,55277.8027,857570.2118,37015.11886,108768.6042,236358.6784,11209.00938,1031767.823,25959.55037,11675352.56,106490.8995,401898.3071,22358.25604,1303655.439,80116.69064,207537.3687,5130551.296
2020-08-17_Zang-43_Box2Redo-31_POS,Age Group:Young | Treatment:Ctrl,32285.82539,83264.64749,631245.5869,65763.55068,5824590.095,23259473.8,45109.82689,99003.64643,2288931.958,490408.4323,197718.9741,585746.2872,1279103.864,77350920.05,480598.7803,1886490.787,19545545.87,41990959.96,17003.05395,158233.4393,448884.2715,168996415.5,3180337.975,2785477.471,358629.5288,294001.6731,579143.0897,9374267.227,161319.5833,104310.5488,338328.9023,861125.6243,62234606.14,7122819.971,138158.5758,47895143.14,351494.9956,1168177.364,30252.92082,7477994.271,17304.23872,22608656.03,3583992.532,45613.31222,21950.6881,389635.4122,104455.3955,9629929.949,1247190.641,10210805.88,686096.5572,22348.2907,69652.60783,744695.7037,41060.55913,235520.0713,57149080.25,669860.554,94255.50052,1727603.299,128546.7861,355238.7137,2250522.572,566084.9736,1481944.73,11350054.73,3906883.437,403953.6414,59513546.02,36353522.82,65687.78852,83309.30327,839128.1776,46086.70005,124430.3351,224252.2284,14912.8951,1220004.18,21613.53968,13145522.39,84534.96563,378921.0973,21165.58492,1176276.154,72070.3285,176520.3515,4233898.112
2020-08-17_Zang-43_Box2Redo-32_POS,Age Group:Old | Treatment:LPS1-peptide,94703.39016,155521.4924,306420.3196,81576.29271,9197566.866,22041418.99,179962.2547,217435.0526,2632910.918,1118634.262,668629.5096,1971675.112,2810722.921,80825581.49,771685.3428,3976363.734,26361978.4,53158488.24,36767.74512,374415.7423,219413.2912,202473270.8,3765470.981,5910951.587,554102.7592,500306.6627,716019.4283,3069400.423,339049.7483,486893.0466,241539.6315,1158435.022,158215540,15990967,247255.8421,36834729.1,385381.3613,1040218.358,21316.05791,11064063.84,35527.0041,37464544.19,9017773.107,49404.18501,271648.9339,254646.7342,402987.7705,16370390.48,2150892.59,8137689.297,993162.703,69897.15138,189265.6482,3919669.463,128296.3004,883817.6908,20156611.09,987213.7462,87326.79501,3048561.512,359933.3028,753240.8595,6145679.98,988510.9883,249442.7649,17401836.8,19740361.05,615575.8043,10181393.06,31798800.03,1229186.657,225352.9569,610171.1915,44568.00298,485301.4659,199180.1498,33699.8377,3479613.51,23441.28067,19724608.46,274133.632,594936.7873,34033.50238,1427055.627,96063.56937,287438.525,5538635.561
2020-08-17_Zang-43_Box2Redo-33_POS,Age Group:Young | Treatment:peptide,40552.45307,158119.3971,410471.9612,55394.63316,9059598.952,28028089.49,52272.63225,122265.4626,3460440.662,779114.5173,579221.2456,719502.5565,2199683.297,81182571.61,521810.2881,2907820.763,26030842.04,55805091.96,26016.02695,249886.3648,654940.1947,193935959.6,3504683.701,4401457.816,441627.1032,424224.1897,820144.3252,5658194.802,240171.8464,241609.1067,366882.9784,1364900.757,82265475.38,9061247.15,147659.5683,64515525.65,633339.9777,996599.537,39891.94986,9449621.893,23531.64593,28809696.75,4555478.03,71410.58429,15506.97305,395220.7685,93923.69391,10379840.55,1653316.78,8755898.126,863079.0276,25210.73572,112400.1786,1177943.83,33528.42958,285114.8301,75418242.77,544904.8142,79430.1967,2660926.775,195327.2377,641363.27,3068037.096,1037110.096,541942.015,18236934.38,6559013.287,671135.6071,12883802.12,51731162.23,145223.7725,54556.75799,1080927.71,34521.1977,117556.3204,253060.1942,14313.56258,1746828.041,21694.43715,14636565.72,117722.4477,567778.3749,15106.59165,1381011.07,87293.25642,300640.3293,4942870.333
2020-08-17_Zang-43_Box2Redo-34_POS,Age Group:Old | Treatment:Ctrl,46974.0984,155214.0103,275245.8079,46908.16632,9975194.248,29006582.37,169753.3406,156086.3674,2873038.63,651851.8397,168592.2127,998519.2377,2213177.868,83098237.78,625837.9936,2271212.036,24192125.73,51054536.89,18916.49607,398150.6402,127278.0413,222883683.4,3921613.72,4885794.753,549680.8854,490277.0472,835209.0962,5372230.898,291395.5671,281935.6425,378817.2986,1198283.859,93787649.65,7263081.68,273062.7598,49826272.09,385179.0628,1011527.857,28976.69916,10791228.76,23790.6108,29477085.56,6004946.865,266431.4893,35005.39887,318942.8759,267874.0678,11416592.86,1674658.654,8175538.359,845618.0397,24986.26145,114676.5973,1608074.604,51826.54135,300741.3943,66587880.56,587383.2749,50966.90927,1338306.949,140890.9758,374431.6166,1682502.186,515833.5088,688792.611,12747883.47,7820073.406,395043.6673,16164953.29,38807430.21,339180.779,100630.7854,1034315.01,59517.42853,272593.0165,275012.9491,15688.77646,1231006.117,28991.95111,16014492.12,165723.0637,431136.7903,88235.50987,1274656.272,106248.0969,325735.9024,6640893.415
2020-08-17_Zang-43_Box2Redo-35_POS,Age Group:Young | Treatment:LPS3_peptide,61470.24165,136645.948,175706.6154,65109.12364,9128919.272,27745814.67,68880.27209,70260.92747,2351540.345,843098.0692,265972.6436,744529.8454,1934644.677,65962609.28,532537.6619,3461447.611,27523376.07,52259229.35,21996.24956,272668.8789,627465.4927,195887422,3355870.247,3915888.437,475903.6344,328691.5502,888407.5381,7416055.531,186271.9664,103491.462,162767.3462,2278140.815,95145584.12,13282646.68,280847.9576,56038567.63,329010.563,715028.5968,25853.64152,8725528.892,29233.69915,37924902.24,5956363.793,31705.32343,18210.33255,356595.7968,290843.442,12120333.43,1128181.013,9330922.253,836262.9609,36593.1587,140327.744,2274995.942,58755.42683,618546.3616,55890879.11,878813.3143,71760.87382,5094469.666,239464.5226,751400.0243,5649418.988,940567.0809,825973.6402,14106493.39,12026083.25,781714.2213,20769175.44,43665421.74,235828.9475,82974.20587,1010932.509,48140.82008,206010.958,262896.6257,14646.50891,1654052.424,36139.41365,15684155.83,183249.4823,526392.2085,16568.29907,1944025.092,81805.69056,257952.5853,5822958.536
2020-08-17_Zang-43_Box2Redo-36_POS,Age Group:Young | Treatment:LPS3,48127.66816,164797.0739,667236.3278,85151.88376,7492900.46,19732479.05,91295.88562,106752.3582,1163122.042,714128.9414,531992.9504,730388.4937,1407755.232,58332012.78,463857.6395,1908023.978,18555373.24,44879422.62,27882.91623,148768.5947,387427.1708,170971018.5,2966915.254,3674023.856,360578.9383,213435.1314,381001.663,5336350.344,172217.2551,304383.1647,279423.3575,1380827.034,71968215.61,5359521.082,98683.78623,44067751.67,166324.4342,1003302.256,20733.08054,6496127.727,17604.57353,25955214.73,4659051.264,13209.64506,69931.71997,333469.6797,136374.0544,5221669.889,945187.7944,8246604.604,553702.7136,20924.99069,64273.05726,1253143.728,34175.89569,278792.0807,5653921.853,453629.7727,99839.48653,4293043.068,268356.6728,466279.7639,5570999.444,988535.5919,183105.4912,3601607.017,17363925.49,591125.0864,7881068.364,29774619.49,262036.1126,158505.0892,450415.6906,35869.23082,125693.0369,134277.924,15512.10244,3029460.667,22945.40778,13840879.35,135304.0257,491746.6108,11741.2877,861875.8481,48311.40059,374427.3947,5784866.615
2020-08-17_Zang-43_Box2Redo-37_POS,Age Group:Old | Treatment:LPS1,34763.33123,74123.67294,126044.8728,32865.84453,7256238.453,11794367.51,109859.8533,147358.345,1226131.97,403428.8317,156354.2295,916217.9276,1140608.423,63728376.87,503571.1259,1342383.292,16423499.47,40220619.61,18518.31184,162704.5707,163954.7586,165082353.3,2993146.699,2678684.447,294759.7586,292243.5932,290297.3321,2794915.039,147414.5051,218398.5687,131821.9857,567332.4059,53698540.54,4547144.316,115859.4072,28963470.05,127456.4116,934563.7828,17547.17602,6307077.882,14375.01772,24344821.43,4076631.549,81616.45804,92193.08792,306877.9657,181918.9362,4102005.693,1033248.911,9260364.055,582514.7643,31413.07328,53452.23886,1196134.079,54820.92709,156981.2006,31563425.31,396764.0235,23901.05887,1591285.083,174708.3635,421918.8828,4140374.059,860854.0544,112564.8735,6549644.003,10215947.24,297584.0738,4378062.07,15856108.1,187888.9633,127416.1884,260648.1012,39364.21109,73540.023,121932.3157,16925.00087,3030047.262,16111.55079,13932011.03,124523.5166,280274.0285,44393.39828,656108.0264,61256.81926,240264.2729,4970064.751
2020-08-17_Zang-43_Box2Redo-38_POS,Age Group:Old | Treatment:Ctrl,31904.00626,163110.5988,90114.60729,21693.56314,7998101.766,25492462.82,42649.35352,229216.2557,3253177.965,488001.7318,576847.4718,873023.8944,1637602.854,81117939.16,610556.1024,2815226.477,24406131.44,48962840.98,32884.71544,268458.5277,129793.0197,190523819.9,3116738.577,5127869.143,477736.054,390421.9059,615014.9172,5939016.232,196936.6167,290046.722,245105.3646,4800941.062,73378895.22,6231500.449,148271.5986,65102607.14,517357.9889,790110.6352,29766.86334,9575047.942,26867.67659,29008023.29,5843306.785,43364.36793,19135.19363,225687.6302,306844.4853,9346199.505,1240497.731,8053228.194,708959.3507,34495.16744,131179.047,1745852.45,36538.02164,301330.4876,71165553.58,731361.3854,126679.2031,1899177.94,118853.4707,487233.9233,2241578.071,806632.0193,233330.5753,13741409.32,7862518.86,662294.6103,12652241.46,48482345.38,241334.7694,73551.84167,1187120.962,47762.16476,196272.658,242800.4153,9910.473832,1297201.871,27753.63138,14786500.55,137269.9022,599628.3603,17787.861,1448628.878,77735.09872,297458.5772,6456271.049
2020-08-17_Zang-43_Box2Redo-39_POS,Age Group:Old | Treatment:LPS1-peptide,75130.21553,193577.1277,141092.6382,65576.19436,6601039.742,19964109.47,145027.1347,119124.0094,1850480.46,483278.3015,3287188.281,1504456.422,2291026.121,69037960.89,537783.9498,3092185.672,15362859.55,40636158.13,46172.63891,226704.7643,506730.0918,139819414.1,2349935.017,4277647.22,500212.212,465196.6515,558545.0346,3715384.989,285770.284,411409.0939,598106.8115,1742807.336,67381827.15,6803113.124,194293.4477,33566749.03,365919.3754,1003665.215,25242.41811,8146661.239,30226.08197,19424081.48,7737274.912,38262.49934,250449.4257,342198.3139,377048.0035,7788626.087,2167003.512,9009038.253,963150.9335,48467.67707,116441.6599,2770046.131,163434.2143,329361.4874,47695655.27,838450.0459,90932.01729,3100100.392,355441.318,710569.1848,4397636.114,747118.0492,847459.6953,12269203.65,8432148.495,240863.6401,20089440.39,16832539.58,485204.9016,231885.1281,650504.5658,43392.15996,231316.1023,204074.9997,18359.95402,4975227.416,15590.98736,16242110.97,164875.8543,484442.9808,18518.20898,1143805.132,44308.64283,179029.3452,4404172.709
2020-08-17_Zang-43_Box2Redo-40_POS,Age Group:Old | Treatment:LPS1,41450.888,97916.06932,135212.8935,59414.32513,7546435.04,14813743.71,162587.4961,75649.919,1231508.454,340300.5712,373867.1484,1034771.112,1145416.461,57697801.86,417828.9256,1493047.984,18893966.23,48603697.37,25526.18999,197117.0994,395287.8857,182440279.3,2974487.717,2937053.771,352580.4119,309287.3444,294496.2327,3278434.585,144104.5965,173215.834,271596.6705,1722380.952,61400381.53,4503234.542,120392.1016,30244914.82,133586.7424,965540.1907,15153.99738,5468913.49,23672.23321,22202647.82,4917988.919,125189.8977,79754.37162,326048.4336,279830.8657,5313322.666,918762.4958,8504208.301,650206.3123,40259.10189,85440.82178,2142251.301,57774.68941,277862.1126,47181706.83,542641.5616,31694.54304,1384725.406,235599.9274,360688.8466,4700984.734,925587.242,333978.1785,10585522.57,11123779.68,236309.1766,9646324.678,18561443.71,231405.4383,119288.7874,388263.7243,44267.02185,107223.634,153689.7111,18704.44717,5338342.174,29885.21256,15295820.39,144569.2024,333249.1171,101138.4383,876387.3333,86121.85992,249212.2533,5968057.776
2020-08-17_Zang-43_Box2Redo-41_POS,Age Group:Young | Treatment:peptide,53813.84583,149833.6176,66739.89678,52185.20673,9688729.809,27289589.86,51672.66467,61014.23142,3548042.91,1000546.983,473551.4254,878340.956,1753178.485,78676272.55,592068.2805,3343786.198,29198076.52,57376461.93,22907.83861,226616.461,609693.0992,203752580.5,4139763.91,3408847.506,354323.7343,327360.0809,930884.4859,11053837.36,255323.0733,187544.6858,351444.2024,2252318.683,82842376.43,8864217.066,225236.5701,75741438.82,476792.278,805231.9364,47531.94422,12027098.08,34061.02981,28046601.36,4314723.664,48973.91581,21310.79048,371365.253,189386.0814,9299239.752,1433508.651,9064399.072,881876.2501,26691.63433,118526.8021,1611109.853,36317.78408,449063.5782,98236834.41,651856.0667,86559.67857,3072342.864,154563.3301,657470.0231,3493518.416,1018729.628,2767114.791,22035673.39,10021623.17,644775.3476,118053260.4,45769464.6,156194.4962,79096.88503,1845113.634,62925.89287,174376.9621,276084.2462,11785.08554,1511046.865,24188.57122,16375771.11,117395.062,510136.4304,23134.10717,1705221.8,95263.12656,395414.6404,6645366.404
2020-08-17_Zang-43_Box2Redo-42_POS,Age Group:Young | Treatment:peptide,20590.61975,89567.0762,192079.2269,39400.91234,5365639.267,16134069.45,33161.78056,73691.93377,1757670.673,415747.6372,198135.9802,388354.6437,1165697.417,56718839.94,265083.687,1433130.46,13013268.47,34354912.07,14619.15384,138693.7039,328491.3485,136991354,2349519.389,1898091.798,279587.9588,259072.2318,432408.5212,5857232.872,160990.5831,111340.3168,195442.8097,1329575.005,44442454.12,4945688.364,82637.08948,37998962.83,289331.5057,1125553.502,27805.75367,6082647.729,14853.35239,16632906.78,2366501.988,31329.61485,11205.73675,305316.2454,56721.2751,5612608.179,1039825.273,9061961.96,385010.9092,15981.89884,57605.35307,611699.636,8670.229726,144817.056,42873634.83,339333.759,76321.77095,1824337.258,82931.7985,388970.8629,1622954.748,455922.7098,847918.6367,5652743.929,3173731.992,274588.0668,108724547.6,21015045.45,48679.82735,47719.18948,476452.0956,34805.59097,88133.67524,174395.9041,6835.29357,677650.4415,20324.11974,8969929.828,66813.71662,333024.0266,13138.09822,907925.0606,42529.56662,169418.8536,3614979.032
2020-08-17_Zang-43_Box2Redo-43_POS,Age Group:Old | Treatment:peptide,37413.96743,96871.24812,964131.424,50152.80152,6741085.492,14292685.25,161909.9776,132735.9619,1243159.75,421269.7078,387085.3117,1964540.139,1299172.237,66785693.1,525562.1986,2135875.65,14870072.92,48472876.57,19697.13198,172391.412,315588.5312,170109631.5,2940456.968,3221257.331,431105.5329,384658.0273,360158.9377,4298385.266,149272.8681,146180.1884,287848.2666,1361988.701,76478502.46,5315196.163,168536.1911,32598311.39,195031.1268,1101919.122,26420.77441,6867309.986,17693.23348,22301116.68,3979775.299,65061.73517,259804.7806,344500.4614,404406.0911,7441032.12,836448.5612,9444876.867,673745.7648,69137.17767,76623.10425,1581295.243,148411.5751,502856.5255,37924829.62,442703.9387,73194.83761,1846950.747,251704.5481,377045.9157,2608942.971,572949.5219,349377.6722,6899874.359,8206530.89,212101.0488,8122282.507,21841144.83,569374.6567,193020.4515,577416.5419,51672.90798,135705.1897,175852.8126,11813.97642,2466527.268,17731.46405,14921692.02,121250.7151,344623.7421,44713.81563,972037.2806,61537.09938,212786.7066,4558554.356
